ORIGEN,NRO.,AÑO,TIPO,CARÁTULA,NRO. DAE / DADO CUENTA,MESA DE ENTRADAS,ORDEN DEL DÍA,SANCIONES/SITUACIÓN EXP,LEY – FECHA,COMUNICACIÓN,FECHA_ARCHIVO
PE,237,2026,AC,MENSAJE N° 222/26 QUE SOLICITA ACUERDO PARA DESIGNAR CONJUECES DE LOS JUZGADOS NACIONALES DE PRIMERA INSTANCIA DEL TRABAJO DE LA JURISDICCION DE LA CAMARA NACIONAL DE APELACIONES DEL TRABAJO DE LA CAPITAL FEDERAL., 25  -, 17/07/2026 -,,              , - ,,
PE,236,2026,AC,MENSAJE N° 221/26 QUE SOLICITA ACUERDO PARA DESIGNAR CONJUECES DE LOS TRIBUNALES ORALES EN LO CRIMINAL Y CORRECCIONAL DE LA CAPITAL FEDERAL., 25  -, 17/07/2026 -,,              , - ,,
PE,233,2026,AC,"MENSAJE N° 218/26 QUE SOLICITA ACUERDO PARA DESIGNAR JUEZ DE CAMARA DEL TRIBUNAL ORAL EN LO CRIMINAL FEDERAL N° 6 DE LA CAPITAL FEDERAL, AL DR. RAMIRO VELASCO.", 24 16/07/2026 -, 13/07/2026 -,,              , - ,,
PE,232,2026,AC,"MENSAJE N° 217/26 QUE SOLICITA ACUERDO PARA DESIGNAR JUEZA DE CAMARA DEL TRIBUNAL ORAL EN LO CRIMINAL FEDERAL N° 4 DE LA CAPITAL FEDERAL, A LA DRA. VALERIA ALEJANDRA RICO.", 24 16/07/2026 -, 13/07/2026 -,,              , - ,,
PE,231,2026,AC,"MENSAJE N° 216/26 QUE SOLICITA ACUERDO PARA DESIGNAR VOCAL DE LA CAMARA NACIONAL DE APELACIONES EN LO CRIMINAL Y CORRECCIONAL FEDERAL DE LA CAPITAL FEDERAL, SALA I, AL DR. PABLO YADAROLA.

", 24 16/07/2026 -, 13/07/2026 -,,              , - ,,
PE,230,2026,AC,"MENSAJE N° 215/26 QUE SOLICITA ACUERDO PARA DESIGNAR JUEZ DEL JUZGADO NACIONAL DE PRIMERA INSTANCIA EN LO CIVIL N° 26 DE LA CAPITAL FEDERAL, AL DR. SERGIO BUITRAGO.", 24 16/07/2026 -, 13/07/2026 -,,              , - ,,
PE,229,2026,AC,"MENSAJE N° 214/26 QUE SOLICITA ACUERDO PARA DESIGNAR VOCAL DE LA CAMARA NACIONAL DE APELACIONES EN LO CRIMINAL Y CORRECCIONAL FEDERAL DE LA CAPITAL FEDERAL, SALA I, AL DR. PABLO DANIEL BERTUZZI.

", 24 16/07/2026 -, 13/07/2026 -,,              , - ,,
PE,228,2026,AC,"MENSAJE N° 213/26 QUE SOLICITA ACUERDO PARA DESIGNAR JUEZ DE CAMARA DEL TRIBUNAL ORAL EN LO CRIMINAL FEDERAL N° 6 DE LA CAPITAL FEDERAL, AL DR. SANTIAGO JUAN SCHIOPETTO.

", 24 16/07/2026 -, 13/07/2026 -,,              , - ,,
PE,222,2026,AC,"MENSAJE N° 211/26 QUE SOLICITA ACUERDO PARA DESIGNAR FISCAL ANTE LOS JUZGADOS NACIONALES EN LO CRIMINAL Y CORRECCIONAL DE LA CAPITAL FEDERAL, FISCALIA N° 27, A LA DRA. ORNELLA ROMINA RIGGITANO.

", 23 16/07/2026 -, 25/06/2026 -,,              , - ,,
PE,221,2026,AC,"MENSAJE N° 210/26 QUE SOLICITA ACUERDO PARA DESIGNAR FISCAL ANTE LOS JUZGADOS NACIONALES EN LO CRIMINAL Y CORRECCIONAL DE LA CAPITAL FEDERAL, FISCALIA N° 7, AL DR. MATIAS EZEQUIEL EIDEM.

", 23 16/07/2026 -, 25/06/2026 -,,              , - ,,
PE,220,2026,AC,"MENSAJE N° 209/26 QUE SOLICITA ACUERDO PARA DESIGNAR JUEZ DEL JUZGADO NACIONAL DE PRIMERA INSTANCIA EN LO CONTENCIOSO ADMINISTRATIVO FEDERAL N° 7 DE LA CAPITAL FEDERAL, AL DR. LEONARDO MARCO TOIA.

", 23 16/07/2026 -, 25/06/2026 -,,              , - ,,
PE,219,2026,AC,"MENSAJE N° 208/26 QUE SOLICITA ACUERDO PARA DESIGNAR FISCAL ANTE LOS JUZGADOS NACIONALES EN LO CRIMINAL Y CORRECCIONAL DE LA CAPITAL FEDERAL, FISCALIA N° 35, AL DR. JUAN NOEL VARELA.

", 23 16/07/2026 -, 25/06/2026 -,,              , - ,,
PE,218,2026,AC,"MENSAJE N° 207/26 QUE SOLICITA ACUERDO PARA DESIGNAR FISCAL ANTE LOS JUZGADOS NACIONALES EN LO CRIMINAL Y CORRECCIONAL DE LA CAPITAL FEDERAL, FISCALIA N° 43, A LA DRA. PATRICIA LUJAN CISNERO.

", 23 16/07/2026 -, 25/06/2026 -,,              , - ,,
PE,217,2026,AC,"MENSAJE N° 206/26 QUE SOLICITA ACUERDO PARA DESIGNAR FISCAL ANTE LOS JUZGADOS NACIONALES EN LO CRIMINAL Y CORRECCIONAL DE LA CAPITAL FEDERAL, FISCALIA N° 3, AL DR. DANIEL FERNANDO CANO.

", 23 16/07/2026 -, 25/06/2026 -,,              , - ,,
PE,216,2026,AC,"MENSAJE N° 205/26 QUE SOLICITA ACUERDO PARA DESIGNAR DEFENSOR PUBLICO OFICIAL ANTE LOS TRIBUNALES ORALES EN LO CRIMINAL Y CORRECCIONAL DE LA CAPITAL FEDERAL, DEFENSORIA N° 6, AL DR. ESTEBAN JOSE CHERVIN.

", 23 16/07/2026 -, 25/06/2026 -,,              , - ,,
PE,215,2026,AC,"MENSAJE N° 204/26 QUE SOLICITA ACUERDO PARA DESIGNAR DEFENSOR PUBLICO OFICIAL ANTE LOS TRIBUNALES ORALES EN LO CRIMINAL FEDERAL DE LA PLATA, PROV. DE BUENOS AIRES, DEFENSORIA N° 2, AL DR. LEANDRO GASTON.

", 23 16/07/2026 -, 25/06/2026 -,,              , - ,,
PE,214,2026,AC,"MENSAJE N° 203/26 QUE SOLICITA ACUERDO PARA DESIGNAR JUEZA DE CAMARA DEL TRIBUNAL ORAL EN LO CRIMINAL FEDERAL DE CATAMARCA, PROV. DE CATAMARCA, A LA DRA. MARIA VIRGINIA MIGUEL CARMONA.

", 23 16/07/2026 -, 25/06/2026 -,,              , - ,,
PE,213,2026,AC,"MENSAJE N° 202/26 QUE SOLICITA ACUERDO PARA DESIGNAR VOCAL DE LA CAMARA FEDERAL DE APELACIONES DE CORDOBA, PROV. DE CORDOBA, SALA A, A LA DRA. MARIA SOLEDAD MANCINI.

", 23 16/07/2026 -, 25/06/2026 -,,              , - ,,
PE,212,2026,AC,"MENSAJE N° 201/26 QUE SOLICITA ACUERDO PARA DESIGNAR JUEZ DEL JUZGADO NACIONAL DE PRIMERA INSTANCIA EN LO CIVIL N° 22 DE LA CAPITAL FEDERAL, AL DR. JUAN SANTIAGO YLARRI.", 23 16/07/2026 -, 25/06/2026 -,,              , - ,,
PE,211,2026,AC,"MENSAJE N° 200/26 QUE SOLICITA ACUERDO PARA DESIGNAR JUEZ DE CAMARA DEL TRIBUNAL ORAL EN LO CRIMINAL Y CORRECCIONAL N° 19 DE LA CAPITAL FEDERAL, AL DR. PABLO CESAR CINA.", 23 16/07/2026 -, 25/06/2026 -,,              , - ,,
PE,210,2026,AC,"MENSAJE N° 199/26 QUE SOLICITA ACUERDO PARA DESIGNAR JUEZ DEL JUZGADO NACIONAL DE PRIMERA INSTANCIA EN LO COMERCIAL N° 23 DE LA CAPITAL FEDERAL, AL DR. JUAN PABLO ANGEL SALA.", 23 16/07/2026 -, 25/06/2026 -,,              , - ,,
PE,209,2026,AC,"MENSAJE N° 198/26 QUE SOLICITA ACUERDO PARA DESIGNAR JUEZ DE CAMARA DEL TRIBUNAL ORAL EN LO CRIMINAL Y CORRECCIONAL N° 12 DE LA CAPITAL FEDERAL, AL DR. WALTER ALFREDO CAVASSA.", 23 16/07/2026 -, 25/06/2026 -,,              , - ,,
PE,208,2026,AC,"MENSAJE N° 197/26 QUE SOLICITA ACUERDO PARA DESIGNAR FISCAL GENERAL ADJUNTO ANTE LA CAMARA NACIONAL DE APELACIONES DEL TRABAJO DE LA CAPITAL FEDERAL, AL DR. GERMAN HELVIO QUEIPO.", 23 16/07/2026 -, 25/06/2026 -,,              , - ,,
PE,207,2026,AC,"MENSAJE N° 196/26 QUE SOLICITA ACUERDO PARA DESIGNAR DEFENSORA PUBLICA OFICIAL ANTE EL JUZGADO FEDERAL DE PRIMERA INSTANCIA DE DOLORES, PROV. DE BUENOS AIRES, A LA DRA. PAULA INES LO GIOIA.", 23 16/07/2026 -, 25/06/2026 -,,              , - ,,
PE,206,2026,AC,"MENSAJE N° 195/26 QUE SOLICITA ACUERDO PARA DESIGNAR DEFENSOR PUBLICO OFICIAL FEDERAL DEL INTERIOR DEL PAIS CON ASIENTO EN LA CDAD. DE SALTA, PROV. DE SALTA, AL DR. CARLOS NICOLAS ESCANDAR.", 23 16/07/2026 -, 25/06/2026 -,,              , - ,,
PE,205,2026,AC,"MENSAJE N° 194/26 QUE SOLICITA ACUERDO PARA DESIGNAR VOCAL DE LA CAMARA FEDERAL DE APELACIONES DE CORDOBA, PROV. DE CORDOBA, SALA B, AL DR. FACUNDO CARLOS CORTES.", 23 16/07/2026 -, 25/06/2026 -,,              , - ,,
PE,204,2026,AC,"MENSAJE N° 193/26 QUE SOLICITA ACUERDO PARA DESIGNAR VOCAL DE LA CAMARA NACIONAL DE APELACIONES EN LO COMERCIAL DE LA CAPITAL FEDERAL, SALA C, A LA DRA. VALERIA PÉREZ CASADO.", 23 16/07/2026 -, 25/06/2026 -,,              , - ,,
PE,203,2026,AC,"MENSAJE N° 192/26 QUE SOLICITA ACUERDO PARA DESIGNAR JUEZ DEL JUZGADO NACIONAL EN LO CRIMINAL Y CORRECCIONAL N° 38 DE LA CAPITAL FEDERAL, AL DR. ADOLFO OMAR PIENDIBENE.", 23 16/07/2026 -, 25/06/2026 -,,              , - ,,
PE,202,2026,AC,"MENSAJE N° 191/26 QUE SOLICITA ACUERDO PARA DESIGNAR JUEZ DEL JUZGADO NACIONAL EN LO CRIMINAL Y CORRECCIONAL N° 30 DE LA CAPITAL FEDERAL, AL DR. FEDERICO ALFREDO BATTILANA.", 23 16/07/2026 -, 25/06/2026 -,,              , - ,,
PE,196,2026,AC,"MENSAJE N° 189/26 QUE SOLICITA ACUERDO PARA PROMOVER AL GRADO INMEDIATO SUPERIOR, A PERSONAL MILITAR SUPERIOR DE LA FUERZA AÉREA ARGENTINA, AL 31 DE DICIEMBRE DE 2025.", 22 16/07/2026 -, 04/06/2026 -,,              , - ,,
PE,195,2026,AC,"MENSAJE N° 190/26 QUE SOLICITA ACUERDO PARA DESIGNAR VOCAL DE LA CAMARA FEDERAL DE APELACIONES DE SAN JUSTO, PROVINCIA DE BUENOS AIRES, AL DR. ANDRES GUILLERMO FRAGA.", 21 16/07/2026 -, 04/06/2026 -,,              , - ,,
PE,194,2026,AC,"MENSAJE N° 188/26 QUE SOLICITA ACUERDO PARA DESIGNAR JUEZA DEL JUZGADO NACIONAL DE PRIMERA INSTANCIA EN LO CIVIL N° 69 DE LA CAPITAL FEDERAL, A LA DRA. KARINA GABRIELA RAPKINAS.", 21 16/07/2026 -, 04/06/2026 -,,              , - ,,
PE,192,2026,AC,"MENSAJE N° 186/26, QUE SOLICITA EL RETIRO DEL MENSAJE Nº 42/26 POR EL CUAL SE SOLICITA ACUERDO PARA DESIGNAR JUEZA DE CAMARA DEL TRIBUNAL ORAL EN LO CRIMINAL FEDERAL N° 3 DE LA PLATA, PROVINCIA DE BUENOS AIRES, A LA DRA. MARIA VERONICA MICHELLI. 
(REF. P.E. 31/26)
", 20 04/06/2026 -, 27/05/2026 -,,              , - ,,
PE,191,2026,AC,"MENSAJE N° 185/26 QUE SOLICITA ACUERDO PARA DESIGNAR JUEZ DEL JUZGADO NACIONAL EN LO CRIMINAL Y CORRECCIONAL N° 27 DE LA CAPITAL FEDERAL, AL DR. MIGUEL ANGEL ASTURIAS

", 20 04/06/2026 -, 27/05/2026 -,,              , - ,,
PE,190,2026,AC,"MENSAJE N° 184/26 QUE SOLICITA ACUERDO PARA DESIGNAR JUEZ DE CAMARA DEL TRIBUNAL ORAL EN LO CRIMINAL Y CORRECCIONAL N° 9 DE LA CAPITAL FEDERAL, AL DR. MARIANO ADOLFO KLUMPP", 20 04/06/2026 -, 27/05/2026 -, 219 2026 AP -,AP  16/07/2026            , - ,,
PE,189,2026,AC,"MENSAJE N° 183/26 QUE SOLICITA ACUERDO PARA DESIGNAR JUEZ DEL JUZGADO NACIONAL EN LO CRIMINAL Y CORRECCIONAL N° 42 DE LA CAPITAL FEDERAL, AL DR. DIEGO ANDRES VILLANUEVA.  ", 20 04/06/2026 -, 27/05/2026 -,,              , - ,,
PE,188,2026,AC,"MENSAJE N° 182/26 QUE SOLICITA ACUERDO PARA DESIGNAR JUEZA DEL JUZGADO FEDERAL DE PRIMERA INSTANCIA DE LA SEGURIDAD SOCIAL N° 5 DE LA CAPITAL FEDERAL, A LA DRA. MARIA GABRIELA JANEIRO.", 20 04/06/2026 -, 27/05/2026 -, 218 2026 AP -,AP  16/07/2026            , - ,,
PE,183,2026,AC,"MENSAJE N° 177/26 QUE SOLICITA ACUERDO PARA DESIGNAR JUEZ DE CAMARA DEL TRIBUNAL ORAL EN LO CRIMINAL Y CORRECCIONAL N° 14 DE LA CAPITAL FEDERAL, AL DR. JOSE IGNACIO POLIZZA.", 19 04/06/2026 -, 19/05/2026 -, 217 2026 AP -,AP  16/07/2026            , - ,,
PE,182,2026,AC,"MENSAJE N° 176/26 QUE SOLICITA ACUERDO PARA DESIGNAR JUEZA DEL TRIBUNAL FEDERAL DE JUICIO DE COMODORO RIVADAVIA, PROV. DEL CHUBUT, A LA DRA. ANGELA CECILIA PAGANO MATA.", 19 04/06/2026 -, 19/05/2026 -,,              , - ,,
PE,181,2026,AC,"MENSAJE N° 175/26 QUE SOLICITA ACUERDO PARA DESIGNAR JUEZ DEL JUZGADO NACIONAL EN LO CRIMINAL Y CORRECCIONAL N° 54 DE LA CAPITAL FEDERAL, AL DR. RAMIRO ARIEL MARIÑO.", 19 04/06/2026 -, 19/05/2026 -,,              , - ,,
PE,173,2026,AC,"MENSAJE N° 174/26 QUE SOLICITA ACUERDO PARA DESIGNAR VOCAL DE LA CAMARA NACIONAL DE APELACIONES EN LO COMERCIAL DE LA CAPITAL FEDERAL, SALA C, AL DR. JAVIER JORGE COSENTINO.", 18 04/06/2026 -, 15/05/2026 -, 216 2026 AP -,AP  16/07/2026            , - ,,
PE,172,2026,AC,"MENSAJE N° 173/26 QUE SOLICITA ACUERDO PARA DESIGNAR VOCAL DE LA CAMARA FEDERAL DE APELACIONES DE ROSARIO, PROV. DE SANTA FE, SALA A, AL DR. FLORENTINO MALAPONTE.", 18 04/06/2026 -, 15/05/2026 -,,              , - ,,
PE,171,2026,AC,"MENSAJE N° 172/26 QUE SOLICITA ACUERDO PARA DESIGNAR JUEZA DE CAMARA DEL TRIBUNAL ORAL EN LO CRIMINAL FEDERAL DE CATAMARCA, PROV. DE CATAMARCA, A LA DRA. ANA MARIA BUSLEIMAN.", 17 14/05/2026 -, 14/05/2026 -,,              , - ,,
PE,170,2026,AC,"MENSAJE N° 171/26 QUE SOLICITA ACUERDO PARA DESIGNAR JUEZ DEL TRIBUNAL FEDERAL DE JUICIO DE COMODORO RIVADAVIA, PROV. DEL CHUBUT, AL DR. SEBASTIAN PEDRO RUIZ.

", 17 14/05/2026 -, 14/05/2026 -,,              , - ,,
PE,168,2026,AC,"MENSAJE N° 170/26 QUE SOLICITA ACUERDO PARA DESIGNAR FISCAL FEDERAL DE LA UNIDAD FISCAL MENDOZA, PROVINCIA DE MENDOZA, AL DR. FERNANDO GABRIEL ALCARAZ.", 16 14/05/2026 -, 13/05/2026 -, 215 2026 AP -,AP  16/07/2026            , - ,,
PE,167,2026,AC,"MENSAJE N° 169/26 QUE SOLICITA ACUERDO PARA DESIGNAR JUEZ DEL JUZGADO NACIONAL EN LO CRIMINAL Y CORRECCIONAL N° 58 DE LA CAPITAL FEDERAL, AL DR. MAXIMILIANO ALBERTO LEANDRO CALLIZO.", 16 14/05/2026 -, 13/05/2026 -,,              , - ,,
PE,166,2026,AC,"MENSAJE N° 168/26 QUE SOLICITA ACUERDO PARA DESIGNAR JUEZ DEL JUZGADO NACIONAL EN LO CRIMINAL Y CORRECCIONAL N° 44 DE LA CAPITAL FEDERAL, AL DR. SERGIO ALEJANDRO ECHEGARAY.

", 16 14/05/2026 -, 13/05/2026 -,,              , - ,,
PE,165,2026,AC,"MENSAJE N° 167/26 QUE SOLICITA ACUERDO PARA DESIGNAR VOCAL DE LA CAMARA NACIONAL DE APELACIONES EN LO CIVIL DE LA CAPITAL FEDERAL, SALA K, AL DR. JUAN MANUEL CABRAL", 16 14/05/2026 -, 13/05/2026 -,,              , - ,,
PE,164,2026,AC,"MENSAJE N° 166/26 QUE SOLICITA ACUERDO PARA DESIGNAR JUEZA DE CAMARA DEL TRIBUNAL ORAL EN LO CRIMINAL Y CORRECCIONAL N° 19 DE LA CAPITAL FEDERAL, A LA DRA. ALBERTINA ANATONIA CARON.", 16 14/05/2026 -, 13/05/2026 -,,              , - ,,
PE,163,2026,AC,"MENSAJE N° 165/26 QUE SOLICITA ACUERDO PARA DESIGNAR JUEZ DEL JUZGADO NACIONAL DE PRIMERA INSTANCIA EN LO COMERCIAL N° 28 DE LA CAPITAL FEDERAL, AL DR. PEDRO MANUEL CRESPO.", 16 14/05/2026 -, 13/05/2026 -, 214 2026 AP -,AP  16/07/2026            , - ,,
PE,162,2026,AC,"MENSAJE N° 164/26 QUE SOLICITA ACUERDO PARA DESIGNAR JUEZ DEL JUZGADO NACIONAL EN LO CRIMINAL Y CORRECCIONAL N° 45 DE LA CAPITAL FEDERAL, AL DR. SEBASTIAN RODRIGO GHERSI.

", 16 14/05/2026 -, 13/05/2026 -,,              , - ,,
PE,161,2026,AC,"MENSAJE N° 163/26 QUE SOLICITA ACUERDO PARA DESIGNAR FISCAL FEDERAL DE LA UNIDAD FISCAL DE RESISTENCIA, PROVINCIA DEL CHACO, AL DR. PATRICIO NICOLAS SABADINI.", 16 14/05/2026 -, 13/05/2026 -, 213 2026 AP -,AP  16/07/2026            , - ,,
PE,160,2026,AC,"MENSAJE N° 162/26 QUE SOLICITA ACUERDO PARA DESIGNAR VOCAL DE LA CAMARA FEDERAL DE APELACIONES DE MAR DEL PLATA, PROV. DE BUENOS AIRES, AL DR. SANTIAGO JOSE MARTIN.

", 16 14/05/2026 -, 13/05/2026 -, 212 2026 AP -,AP  16/07/2026            , - ,,
PE,159,2026,AC,"MENSAJE N° 161/26 QUE SOLICITA ACUERDO PARA DESIGNAR VOCAL DE LA CAMARA FEDERAL DE APELACIONES DE SALTA, PROV. DE SALTA, SALA I, AL DR. SANTIAGO FRENCH.", 16 14/05/2026 -, 13/05/2026 -, 211 2026 AP -,AP  16/07/2026            , - ,,
PE,158,2026,AC,"MENSAJE N° 160/26 QUE SOLICITA ACUERDO PARA DESIGNAR DEFENSORA PUBLICA OFICIAL ANTE LOS TRIBUNALES ORALES EN LO CRIMINAL Y CORRECCIONAL DE LA CAPITAL FEDERAL, DEFENSORIA N° 7, A LA DRA. AMANDA ESPINO.", 16 14/05/2026 -, 13/05/2026 -, 210 2026 AP -,AP  16/07/2026            , - ,,
PE,157,2026,AC,"MENSAJE N° 159/26 QUE SOLICITA ACUERDO PARA DESIGNAR JUEZA DE CAMARA DEL TRIBUNAL ORAL EN LO CRIMINAL Y CORRECCIONAL N° 18 DE LA CAPITAL FEDERAL, A LA DRA. EVANGELINA MARIA LASALA.", 16 14/05/2026 -, 13/05/2026 -,,              , - ,,
PE,155,2026,AC,"MENSAJE N° 158/26 QUE SOLICITA ACUERDO PARA DESIGNAR JUEZ DEL JUZGADO NACIONAL DE PRIMERA INSTANCIA EN LO CIVIL N° 110 DE LA CAPITAL FEDERAL, AL DR. JOSE MARIA ABRAM LUJAN.", 15 14/05/2026 -, 12/05/2026 -,,              , - ,,
PE,154,2026,AC,"MENSAJE N° 157/26 QUE SOLICITA ACUERDO PARA DESIGNAR JUEZA DEL JUZGADO NACIONAL DE PRIMERA INSTANCIA EN LO CIVIL N° 109 DE LA CAPITAL FEDERAL, A LA DRA. PILAR FERNANDEZ ESCARGUEL.", 15 14/05/2026 -, 12/05/2026 -,,              , - ,,
PE,153,2026,AC,"MENSAJE N° 156/26 QUE SOLICITA ACUERDO PARA DESIGNAR FISCAL FEDERAL DE LA SEDE FISCAL DESCENTRALIZADA DE PASO DE LOS LIBRES, PROVINCIA DE CORRIENTES, AL DR. HUGO DANIEL FROY.", 15 14/05/2026 -, 12/05/2026 -, 208 2026 AP -,AP  16/07/2026            , - ,,
PE,152,2026,AC,"MENSAJE N° 155/26 QUE SOLICITA ACUERDO PARA DESIGNAR JUEZ DEL JUZGADO FEDERAL DE PRIMERA INSTANCIA EN LO CRIMINAL Y CORRECCIONAL N° 2 DE LOMAS DE ZAMORA, PROVINCIA DE BUENOS AIRES, AL DR. JUAN TOMAS RODRIGUEZ PONTE.", 15 14/05/2026 -, 12/05/2026 -, 207 2026 AP -,AP  16/07/2026            , - ,,
PE,151,2026,AC,"MENSAJE N° 154/26 QUE SOLICITA ACUERDO PARA DESIGNAR JUEZ DEL JUZGADO NACIONAL DE PRIMERA INSTANCIA EN LO CIVIL N°19 DE LA CAPITAL FEDERAL, AL DR. SANTIAGO VILLAGRAN.", 15 14/05/2026 -, 12/05/2026 -,,              , - ,,
PE,150,2026,AC,"MENSAJE N° 153/26 QUE SOLICITA ACUERDO PARA DESIGNAR JUEZA DE CAMARA DEL TRIBUNAL ORAL EN LO CRIMINAL Y CORRECCIONAL N° 18 DE LA CAPITAL FEDERAL, A LA DRA. PAULA VANESA ROMEO.
", 15 14/05/2026 -, 12/05/2026 -, 206 2026 AP -,AP  16/07/2026            , - ,,
PE,149,2026,AC,"MENSAJE N° 152/26 QUE SOLICITA ACUERDO PARA DESIGNAR JUEZ DE CAMARA DEL TRIBUNAL ORAL EN LO CRIMINAL Y CORRECCIONAL N° 10 DE LA CAPITAL FEDERAL, AL DR. JULIO CESAR DI GIORGIO.", 15 14/05/2026 -, 12/05/2026 -,,              , - ,,
PE,148,2026,AC,"MENSAJE N° 151/26 QUE SOLICITA ACUERDO PARA DESIGNAR JUEZ DE CAMARA DEL TRIBUNAL ORAL EN LO CRIMINAL Y CORRECCIONAL N° 9 DE LA CAPITAL FEDERAL, AL DR. JUAN CARLOS RICCARDINI.", 15 14/05/2026 -, 12/05/2026 -, 205 2026 AP -,AP  16/07/2026            , - ,,
PE,147,2026,AC,"MENSAJE N° 150/26 QUE SOLICITA ACUERDO PARA DESIGNAR JUEZ DE CAMARA DEL TRIBUNAL ORAL EN LO CRIMINAL FEDERAL DE TUCUMAN, PROV. DE TUCUMAN, AL DR. ANGEL ROGER LUNA ROLDAN.", 14 14/05/2026 -, 11/05/2026 -, 204 2026 AP -,AP  16/07/2026            , - ,,
PE,146,2026,AC,"MENSAJE N° 149/26 QUE SOLICITA ACUERDO PARA DESIGNAR VOCAL DE LA CAMARA FEDERAL DE APELACIONES DE RESISTENCIA, PROV. DEL CHACO, A LA DRA. MARIA VIRGINIA ISE.", 14 14/05/2026 -, 11/05/2026 -, 203 2026 AP -,AP  16/07/2026            , - ,,
PE,145,2026,AC,"MENSAJE N° 148/26 QUE SOLICITA ACUERDO PARA DESIGNAR FISCAL FEDERAL DE LA UNIDAD FISCAL DE CORRIENTES, PROV. DE CORRIENTES, AL DR. JUAN MARCELO BURELLA ACEVEDO.", 14 14/05/2026 -, 11/05/2026 -, 202 2026 AP -,AP  16/07/2026            , - ,,
PE,144,2026,AC,"MENSAJE N° 147/26 QUE SOLICITA ACUERDO PARA DESIGNAR JUEZA DE CAMARA DEL TRIBUNAL ORAL EN LO CRIMINAL FEDERAL DE POSADAS, PROV. DE MISIONES, A LA DRA. RUTH MARIA PONCE DE LEON.

", 14 14/05/2026 -, 11/05/2026 -, 201 2026 AP -,AP  16/07/2026            , - ,,
PE,143,2026,AC,"MENSAJE N° 146/26 QUE SOLICITA ACUERDO PARA DESIGNAR JUEZ DE CAMARA DEL TRIBUNAL ORAL EN LO CRIMINAL FEDERAL DE TUCUMAN, PROV. DE TUCUMAN, AL DR. PABLO ROBERTO TOLEDO.", 14 14/05/2026 -, 11/05/2026 -, 200 2026 AP -,AP  16/07/2026            , - ,,
PE,142,2026,AC,"MENSAJE N° 145/26 QUE SOLICITA ACUERDO PARA DESIGNAR VOCAL DE LA CAMARA NACIONAL DE APELACIONES DEL TRABAJO DE LA CAPITAL FEDERAL, SALA III, AL DR. CLAUDIO FABIAN LOGUARRO.", 14 14/05/2026 -, 11/05/2026 -, 129 2026 AP -,AP  16/07/2026            , - ,,
PE,141,2026,AC,"MENSAJE N° 144/26 QUE SOLICITA ACUERDO PARA DESIGNAR VOCAL DE LA CAMARA NACIONAL DE APELACIONES DEL TRABAJO DE LA CAPITAL FEDERAL, SALA V, AL DR. DIEGO FERNANDO MANAUTA.
", 14 14/05/2026 -, 11/05/2026 -, 128 2026 AP -,AP  16/07/2026            , - ,,
PE,140,2026,AC,"MENSAJE N° 143/26 QUE SOLICITA ACUERDO PARA DESIGNAR VOCAL DE LA CAMARA NACIONAL DE APELACIONES DEL TRABAJO DE LA CAPITAL FEDERAL, SALA II, AL DR. DIEGO JAVIER TULA.", 14 14/05/2026 -, 11/05/2026 -, 127 2026 AP -,AP  16/07/2026            , - ,,
PE,139,2026,AC,"MENSAJE N° 142/26 QUE SOLICITA ACUERDO PARA DESIGNAR VOCAL DE LA CAMARA NACIONAL DE APELACIONES DEL TRABAJO DE LA CAPITAL FEDERAL, SALA VI, A LA DRA. MARINA EDITH PISACCO.", 14 14/05/2026 -, 11/05/2026 -, 126 2026 AP -,AP  16/07/2026            , - ,,
PE,138,2026,AC,"MENSAJE N° 141/26 QUE SOLICITA ACUERDO PARA DESIGNAR VOCAL DE LA CAMARA NACIONAL DE APELACIONES DEL TRABAJO DE LA CAPITAL FEDERAL, SALA X, A LA DRA. MARIA CLAUDIA JUEGUEN.", 14 14/05/2026 -, 11/05/2026 -, 125 2026 AP -,AP  16/07/2026            , - ,,
PE,137,2026,AC,"MENSAJE N° 140/26 QUE SOLICITA ACUERDO PARA POSIBILITAR UN NUEVO NOMBRAMIENTO DEL VOCAL DE LA CAMARA NACIONAL DE APELACIONES DEL TRABAJO DE LA CAPITAL FEDERAL, SALA VIII, AL DR. VICTOR ARTURO PESINO", 14 14/05/2026 -, 11/05/2026 -, 124 2026 AP -,AP  16/07/2026            , - ,,
PE,136,2026,AC,"MENSAJE N° 139/26 QUE SOLICITA ACUERDO A FIN DE POSIBILITAR UN NUEVO NOMBRAMIENTO PARA DESIGNAR JUEZ DEL JUZGADO FEDERAL DE PRIMERA INSTANCIA N°2 DE SAN JUAN, PROVINCIA DE SAN JUAN, AL DR. LEOPOLDO JORGE RAGO GALLO.", 13 14/05/2026 -, 11/05/2026 -, 123 2026 AP -,AP  16/07/2026            , - ,,
PE,133,2026,AC,"MENSAJE N° 138/26 QUE SOLICITA ACUERDO PARA PROMOVER AL GRADO INMEDIATO SUPERIOR, AL 31 DE DICIEMBRE DE 2025, AL GENERAL DE BRIGADA SEBASTIAN IGNACIO IBAÑEZ.", 12 14/05/2026 -, 05/05/2026 -,,              , - ,,
PE,128,2026,AC,MENSAJE N° 136/26 QUE SOLICITA ACUERDO PARA DESIGNAR CONJUECES DE LOS JUZGADOS FEDERALES DE PRIMERA INSTANCIA DE LA JURISDICCIÓN DE LA CÁMARA FEDERAL DE APELACIONES DE CÓRDOBA., 11 14/05/2026 -, 24/04/2026 -, 199 2026 AP -,AP  16/07/2026            , - ,,
PE,127,2026,AC,"MENSAJE N° 135/26 QUE SOLICITA ACUERDO A FIN DE POSIBILITAR UN NUEVO NOMBRAMIENTO DE LA VOCAL DE LA CAMARA NACIONAL DE APELACIONES EN LO COMERCIAL DE LA CAPITAL FEDERAL, SALA B, A LA DRA. MATILDE EVANGELINA BALLERINI.", 11 14/05/2026 -, 24/04/2026 -,,              , - ,,
PE,126,2026,AC,"MENSAJE N° 134/26 QUE SOLICITA ACUERDO PARA DESIGNAR FISCAL ANTE EL JUZGADO FEDERAL DE PRIMERA INSTANCIA DE GUALEGUAYCHÚ, PROV. DE ENTRE RÍOS, AL DR. PEDRO MARIANO REBOLLO.", 11 14/05/2026 -, 24/04/2026 -,,              , - ,,
PE,125,2026,AC,"MENSAJE N° 133/26 QUE SOLICITA ACUERDO PARA DESIGNAR FISCAL GENERAL ANTE LOS TRIBUNALES ORALES EN LO PENAL ECONÓMICO DE LA CAPITAL FEDERAL FISCALÍA N° 3, A LA DRA. NATALIA CECILIA CREDE.", 11 14/05/2026 -, 24/04/2026 -,,              , - ,,
PE,124,2026,AC,"MENSAJE N° 132/26 QUE SOLICITA ACUERDO PARA DESIGNAR FISCAL GENERAL ANTE LOS TRIBUNALES ORALES EN LO PENAL ECONÓMICO DE LA CAPITAL FEDERAL, FISCALÍA N° 4, A LA DRA. MARÍA ÁNGELES RAMOS.", 11 14/05/2026 -, 24/04/2026 -,,              , - ,,
PE,123,2026,AC,"MENSAJE N° 131/26 QUE SOLICITA ACUERDO PARA DESIGNAR FISCAL GENERAL ANTE LOS TRIBUNALES ORALES EN LO PENAL ECONÓMICO DE LA CAPITAL FEDERAL, FISCALÍA N° 2, AL DR. SANTIAGO ROLDAN.

", 11 14/05/2026 -, 24/04/2026 -,,              , - ,,
PE,122,2026,AC,"MENSAJE N° 130/26 QUE SOLICITA ACUERDO PARA DESIGNAR JUEZ DEL JUZGADO NACIONAL DE PRIMERA INSTANCIA EN LO COMERCIAL N° 10 DE LA CAPITAL FEDERAL, AL DR. GUSTAVO ALEJANDRO ROQUE CULTRARO.", 11 14/05/2026 -, 24/04/2026 -,,              , - ,,
PE,121,2026,AC,"MENSAJE N° 129/26 QUE SOLICITA ACUERDO PARA DESIGNAR JUEZ DE CAMARA DEL TRIBUNAL ORAL EN LO CRIMINAL FEDERAL N° 2 DE SAN MARTIN, PROV. DE BUENOS AIRES, AL DR. BERNARDO MARIA RODRIGUEZ PALMA.", 11 14/05/2026 -, 24/04/2026 -, 198 2026 AP -,AP  16/07/2026            , - ,,
PE,120,2026,AC,"MENSAJE N° 128/26 QUE SOLICITA ACUERDO PARA DESIGNAR JUEZ DEL JUZGADO NACIONAL EN LO CRIMINAL Y CORRECCIONAL N° 41 DE LA CAPITAL FEDERAL, AL DR. FERNANDO CARLOS DAMIAN PASCUAL.", 11 14/05/2026 -, 24/04/2026 -,,              , - ,,
PE,119,2026,AC,"MENSAJE N° 127/26 QUE SOLICITA ACUERDO PARA DESIGNAR JUEZA DE CAMARA DEL TRIBUNAL ORAL EN LO CRIMINAL Y CORRECCIONAL N° 25 DE LA CAPITAL FEDERAL, A LA DRA. MARIANA SALDUNA.", 11 14/05/2026 -, 24/04/2026 -,,              , - ,,
PE,118,2026,AC,"MENSAJE N° 126/26 QUE SOLICITA ACUERDO PARA DESIGNAR JUEZA DE CAMARA DEL TRIBUNAL ORAL EN LO CRIMINAL Y CORRECCIONAL N° 16 DE LA CAPITAL FEDERAL, A LA DRA. VANESA SILVANA ALFARO.", 11 14/05/2026 -, 24/04/2026 -,,              , - ,,
PE,117,2026,AC,"MENSAJE N° 125/26 QUE SOLICITA ACUERDO PARA DESIGNAR JUEZA DEL JUZGADO NACIONAL DE PRIMERA INSTANCIA EN LO CIVIL N° 27 DE LA CAPITAL FEDERAL, A LA DRA. BARBARA RASTELLINO.", 11 14/05/2026 -, 24/04/2026 -,,              , - ,,
PE,116,2026,AC,"MENSAJE N° 124/26 QUE SOLICITA ACUERDO PARA DESIGNAR JUEZ DEL JUZGADO NACIONAL EN LO CRIMINAL Y CORRECCIONAL N° 3 DE LA CAPITAL FEDERAL, AL DR. JAVIER RODRIGO PEREYRA.", 11 14/05/2026 -, 24/04/2026 -,,              , - ,,
PE,115,2026,AC,"MENSAJE N° 123/26 QUE SOLICITA ACUERDO PARA DESIGNAR VOCAL DE LA CAMARA NACIONAL DE APELACIONES EN LO CIVIL DE LA CAPITAL FEDERAL, SALA D, AL DR. AGUSTIN RAUL RUBIERO.", 11 14/05/2026 -, 24/04/2026 -,,              , - ,,
PE,114,2026,AC,"MENSAJE N° 122/26 QUE SOLICITA ACUERDO PARA DESIGNAR VOCAL DE LA CAMARA FEDERAL DE LA SEGURIDAD SOCIAL, SALA III, A LA DRA. ALICIA ISABEL BRAGHINI.", 11 14/05/2026 -, 24/04/2026 -,,              , - ,,
PE,113,2026,AC,"MENSAJE N° 121/26 QUE SOLICITA ACUERDO PARA DESIGNAR JUEZA DEL JUZGADO NACIONAL DE PRIMERA INSTANCIA EN LO CIVIL N° 66 DE LA CAPITAL FEDERAL, A LA DRA. FLORENCIA INÉS CORDOBA.", 11 14/05/2026 -, 24/04/2026 -,,              , - ,,
PE,112,2026,AC,"MENSAJE N° 120/26 QUE SOLICITA ACUERDO PARA DESIGNAR JUEZA DEL JUZGADO NACIONAL DE PRIMERA INSTANCIA EN LO CIVIL N° 9 DE LA CAPITAL FEDERAL, A LA DRA. LUCILA CALIFANO.", 11 14/05/2026 -, 24/04/2026 -,,              , - ,,
PE,111,2026,AC,"MENSAJE N° 119/26 QUE SOLICITA ACUERDO PARA DESIGNAR DEFENSOR PUBLICO OFICIAL ANTE LOS TRIBUNALES ORALES EN LO PENAL ECONOMICO DE LA CAPITAL FEDERAL, DEFENSORIA N° 2, AL DR. HERNAN ENRIQUE FIGUEROA.", 11 14/05/2026 -, 24/04/2026 -,,              , - ,,
PE,110,2026,AC,"MENSAJE N° 118/26 QUE SOLICITA ACUERDO PARA DESIGNAR DEFENSOR PUBLICO OFICIAL ADJUNTO ANTE LOS TRIBUNALES ORALES EN LO CRIMINAL Y CORRECCIONAL DE LA CAPITAL FEDERAL, DEFENSORIA N° 11, AL DR. GERMAN LUIS ARTOLA.", 11 14/05/2026 -, 24/04/2026 -,,              , - ,,
PE,109,2026,AC,"MENSAJE N° 117/26 QUE SOLICITA ACUERDO PARA DESIGNAR DEFENSORA PUBLICA OFICIAL ADJUNTA ANTE LOS TRIBUNALES ORALES EN LO CRIMINAL Y CORRECCIONAL DE LA CAPITAL FEDERAL, DEFENSORIA N° 15, A LA DRA. NURIA SABA SARDAÑONS.", 11 14/05/2026 -, 24/04/2026 -,,              , - ,,
PE,108,2026,AC,"MENSAJE N° 116/26 QUE SOLICITA ACUERDO PARA DESIGNAR DEFENSOR PUBLICO OFICIAL ANTE EL TRIBUNAL ORAL EN LO CRIMINAL FEDERAL DE LA RIOJA, PROV. DE LA RIOJA, AL DR. JOSE NICOLAS CELESTINO CHUMBITA.", 11 14/05/2026 -, 24/04/2026 -,,              , - ,,
PE,107,2026,AC,"MENSAJE N° 115/26 QUE SOLICITA ACUERDO PARA DESIGNAR DEFENSORA PUBLICA DE VICTIMA CON ASIENTO EN LA PROV. DE SANTIAGO DEL ESTERO, A LA DRA. SOFIA BEATRIZ DEL MILAGRO MARTIN.", 11 14/05/2026 -, 24/04/2026 -,,              , - ,,
PE,106,2026,AC,"MENSAJE N° 114/26 QUE SOLICITA ACUERDO PARA DESIGNAR DEFENSOR PUBLICO DE MENORES E INCAPACES ANTE LOS TRIBUNALES ORALES EN LO CRIMINAL Y CORRECCIONAL DE LA CAPITAL FEDERAL, DEFENSORIA N° 4, AL DR. MAXIMILIANO EDUARDO NICOLAS.", 11 14/05/2026 -, 24/04/2026 -,,              , - ,,
PE,105,2026,AC,"MENSAJE N° 113/26 QUE SOLICITA ACUERDO PARA DESIGNAR DEFENSORA PUBLICA DE VICTIMA CON ASIENTO EN LA PROV. DE RIO NEGRO, A LA DRA. MARIA LAURA IRASTORZA.", 11 14/05/2026 -, 24/04/2026 -, 209 2026 AP -,AP  16/07/2026            , - ,,
PE,104,2026,AC,"MENSAJE N° 112/26 QUE SOLICITA ACUERDO PARA DESIGNAR DEFENSORA PUBLICA OFICIAL FEDERAL DEL INTERIOR DEL PAIS CON ASIENTO EN LA CIUDAD DE FORMOSA, PROV. DE FORMOSA, A LA DRA. MARIA ESTHER PINOS.

", 11 14/05/2026 -, 24/04/2026 -,,              , - ,,
PE,103,2026,AC,"MENSAJE N° 111/26 QUE SOLICITA ACUERDO PARA DESIGNAR DEFENSORA PUBLICA OFICIAL ANTE LA CAMARA FEDERAL DE CASACION PENAL, DEFENSORIA N° 3, A LA DRA. ANA CLARISA GALAN MUÑOZ.", 11 14/05/2026 -, 24/04/2026 -,,              , - ,,
PE,93,2026,AC,"MENSAJE N° 103/26 QUE SOLICITA ACUERDO PARA DESIGNAR DEFENSOR PUBLICO DE VICTIMA CON ASIENTO EN LA PROVINCIA DE ENTRE RIOS, AL DR. JUAN IGNACIO LAZZANEO.

", 10 09/04/2026 -, 09/04/2026 -, 101 2026 AP -,AP  04/06/2026            , - ,,16/06/2026
PE,92,2026,AC,"MENSAJE N° 102/26 QUE SOLICITA ACUERDO PARA DESIGNAR VOCAL DE LA CAMARA FEDERAL DE APELACIONES DE MENDOZA, PROVINCIA DE MENDOZA, SALA A, AL DR. SEBASTIAN GUILLERMO SONEIRA.


", 10 09/04/2026 -, 09/04/2026 -, 100 2026 AP -,AP  04/06/2026            , - ,,16/06/2026
PE,91,2026,AC,"MENSAJE N° 101/26 QUE SOLICITA ACUERDO PARA DESIGNAR JUEZ DE CAMARA DEL TRIBUNAL ORAL EN LO CRIMINAL Y CORRECCIONAL N°8 DE LA CAPITAL FEDERAL, AL DR. JUAN MANUEL MEJUTO.

", 10 09/04/2026 -, 09/04/2026 -,,              , - ,,
PE,90,2026,AC,"MENSAJE N° 100/26 QUE SOLICITA ACUERDO PARA DESIGNAR JUEZ DE CAMARA DEL TRIBUNAL ORAL EN LO CRIMINAL Y CORRECCIONAL N°2 DE LA CAPITAL FEDERAL, AL DR. MARCELO ALEJANDRO PELUZZI.


", 10 09/04/2026 -, 09/04/2026 -, 99 2026 AP -,AP  04/06/2026            , - ,,16/06/2026
PE,89,2026,AC,"MENSAJE N° 99/26 QUE ASIGNA SALAS Y VOCALIAS A MENSAJES REMITIDOS SOLICITANDO ACUERDO PARA DESIGNAR A MAGISTRADOS JUDICIALES.


", 10 09/04/2026 -, 09/04/2026 -,,              , - ,,
PE,88,2026,AC,"MENSAJE N° 98/26 QUE SOLICITA ACUERDO PARA DESIGNAR JUEZA DEL JUZGADO NACIONAL DE PRIMERA INSTANCIA EN LO CIVIL N° 77 DE LA CAPITAL FEDERAL, A LA DRA. PAULA DIANA MARINKOVIC.
", 9 09/04/2026 -, 08/04/2026 -, 98 2026 AP -,AP  04/06/2026            , - ,,16/06/2026
PE,87,2026,AC,"MENSAJE N° 97/26 QUE SOLICITA ACUERDO PARA DESIGNAR JUEZ DEL JUZGADO NACIONAL EN LO CRIMINAL Y CORRECCIONAL N° 31 DE LA CAPITAL FEDERAL, AL DR. DIEGO JAVIER SOUTO.", 9 09/04/2026 -, 08/04/2026 -, 97 2026 AP -,AP  04/06/2026            , - ,,16/06/2026
PE,86,2026,AC,"MENSAJE N° 96/26 QUE SOLICITA ACUERDO PARA DESIGNAR JUEZ DEL JUZGADO FEDERAL DE PRIMERA INSTANCIA DE SAN CARLOS DE BARILOCHE, PROV. DE RIO NEGRO, AL DR. LEANDRO AGUSTIN GOMEZ CONSTENLA.", 9 09/04/2026 -, 08/04/2026 -, 96 2026 AP -,AP  04/06/2026            , - ,,16/06/2026
PE,85,2026,AC,"MENSAJE N° 95/26 QUE SOLICITA ACUERDO PARA DESIGNAR JUEZ DEL JUZGADO FEDERAL DE PRIMERA INSTANCIA N° 2 DE SALTA, PROV. DE SALTA, AL DR. DIEGO ANZORREGUY.", 8 09/04/2026 -, 07/04/2026 -, 95 2026 AP -,AP  04/06/2026            , - ,,16/06/2026
PE,84,2026,AC,"MENSAJE N° 94/26 QUE SOLICITA ACUERDO PARA DESIGNAR JUEZ DEL JUZGADO NACIONAL DE PRIMERA INSTANCIA EN LO COMERCIAL N° 4 DE LA CAPITAL FEDERAL, AL DR. JUAN PEDRO GIUDICI.", 8 09/04/2026 -, 07/04/2026 -, 87 2026 AP -,AP  04/06/2026            , - ,,
PE,83,2026,AC,"MENSAJE N° 93/26 QUE SOLICITA ACUERDO PARA DESIGNAR JUEZA DEL JUZGADO FEDERAL DE PRIMERA INSTANCIA DE EJECUCIONES FISCALES TRIBUTARIAS N° 4 DE LA CAPITAL FEDERAL, A LA DRA. MARIA FLORENCIA MASSA.", 8 09/04/2026 -, 07/04/2026 -, 86 2026 AP -,AP  04/06/2026            , - ,,16/06/2026
PE,82,2026,AC,"MENSAJE N° 92/26 QUE SOLICITA ACUERDO PARA DESIGNAR JUEZA DEL JUZGADO NACIONAL DE PRIMERA INSTANCIA EN LO CIVIL N° 94 DE LA CAPITAL FEDERAL, A LA DRA. GABRIELA MARIEL PALOPOLI.", 8 09/04/2026 -, 07/04/2026 -, 85 2026 AP -,AP  04/06/2026            , - ,,16/06/2026
PE,81,2026,AC,"MENSAJE N° 91/26 QUE SOLICITA ACUERDO PARA DESIGNAR JUEZ DE CAMARA DEL TRIBUNAL ORAL EN LO CRIMINAL FEDERAL N° 2 DE SAN MARTIN, PROV. DE BUENOS AIRES, AL DR. MARIO ALBERTO FERRARIO.

", 8 09/04/2026 -, 07/04/2026 -, 84 2026 AP -,AP  04/06/2026            , - ,,16/06/2026
PE,80,2026,AC,"MENSAJE N° 90/26 QUE SOLICITA ACUERDO PARA DESIGNAR JUEZ DEL TRIBUNAL FEDERAL DE JUICIO DE NEUQUEN, PROV. DEL NEUQUEN, AL DR. PABLO ANTONIO MATKOVIC.", 8 09/04/2026 -, 07/04/2026 -, 94 2026 AP -,AP  04/06/2026            , - ,,16/06/2026
PE,79,2026,AC,"MENSAJE N° 89/26 QUE SOLICITA ACUERDO PARA DESIGNAR JUEZ DEL JUZGADO FEDERAL DE PRIMERA INSTANCIA DE RAFAELA, PROV. DE SANTA FE, AL DR. SANTIAGO JOAQUIN SAUX.", 8 09/04/2026 -, 07/04/2026 -, 93 2026 AP -,AP  04/06/2026            , - ,,16/06/2026
PE,78,2026,AC,"MENSAJE N° 88/26 QUE SOLICITA ACUERDO PARA DESIGNAR JUEZ DEL JUZGADO NACIONAL EN LO CRIMINAL Y CORRECCIONAL N° 7 DE LA CAPITAL FEDERAL, AL DR. MARIANO FRANCISCO AMADURI.", 8 09/04/2026 -, 07/04/2026 -, 83 2026 AP -,AP  04/06/2026            , - ,,16/06/2026
PE,77,2026,AC,"MENSAJE N° 87/26 QUE SOLICITA ACUERDO PARA DESIGNAR JUEZ DE CAMARA DEL TRIBUNAL ORAL EN LO CRIMINAL FEDERAL N° 5 DE SAN MARTIN, PROV. DE BUENOS AIRES, AL DR. JUAN MANUEL GASET MAISONAVE.", 8 09/04/2026 -, 07/04/2026 -, 82 2026 AP -,AP  04/06/2026            , - ,,16/06/2026
PE,76,2026,AC,"MENSAJE N° 86/26 QUE SOLICITA ACUERDO PARA DESIGNAR JUEZ DEL JUZGADO NACIONAL EN LO CRIMINAL Y CORRECCIONAL N° 1 DE LA CAPITAL FEDERAL, AL DR. JOSE MIGUEL GUERRERO.

", 8 09/04/2026 -, 07/04/2026 -, 58 2026 AP -,AP  04/06/2026            , - ,,16/06/2026
PE,75,2026,AC,"MENSAJE N° 85/26 QUE SOLICITA ACUERDO PARA DESIGNAR JUEZA DE CAMARA DEL TRIBUNAL ORAL EN LO CRIMINAL FEDERAL N° 1 DE LA PLATA, PROV. DE BUENOS AIRES, A LA DRA. JESICA YAEL SIRCOVICH.

", 7 09/04/2026 -, 06/04/2026 -, 81 2026 AP -,AP  04/06/2026            , - ,,16/06/2026
PE,73,2026,AC,"MENSAJE N° 84/26 QUE SOLICITA ACUERDO PARA DESIGNAR FISCAL GENERAL ANTE LOS TRIBUNALES ORALES EN LO CRIMINAL Y CORRECCIONAL DE LA CAPITAL FEDERAL, FISCALIA N°9, AL DR.  SANTIAGO VISMARA.

", 6 09/04/2026 -, 01/04/2026 -, 57 2026 AP -,AP  04/06/2026            , - ,,16/06/2026
PE,72,2026,AC,"MENSAJE N° 83/26 QUE SOLICITA ACUERDO PARA DESIGNAR DEFENSOR PUBLICO OFICIAL FEDERAL DEL INTERIOR DEL PAIS CON ASIENTO EN LA CDAD. DE MENDOZA, PROV. DE MENDOZA, AL DR. CARLOS AGUSTIN PARMA.

", 6 09/04/2026 -, 01/04/2026 -, 92 2026 AP -,AP  04/06/2026            , - ,,16/06/2026
PE,71,2026,AC,"MENSAJE N° 81/26 QUE SOLICITA ACUERDO PARA DESIGNAR VOCAL DE LA CAMARA NACIONAL DE APELACIONES EN LO CRIMINAL Y CORRECCIONAL DE LA CAPITAL FEDERAL, VOCALIA N° 14, A LA DRA. YAMILE SUSANA BERNAN.", 5 09/04/2026 -, 31/03/2026 -, 80 2026 AP -,AP  04/06/2026            , - ,,16/06/2026
PE,70,2026,AC,"MENSAJE N° 80/26 QUE SOLICITA ACUERDO PARA DESIGNAR JUEZA DEL JUZGADO NACIONAL DE PRIMERA INSTANCIA EN LO COMERCIAL N° 22 DE LA CAPITAL FEDERAL, A LA DRA. MARIA AGUSTINA BOYAJIAN RIVAS.", 5 09/04/2026 -, 31/03/2026 -, 79 2026 AP -,AP  04/06/2026            , - ,,16/06/2026
PE,69,2026,AC,"MENSAJE N° 79/26 QUE SOLICITA ACUERDO PARA DESIGNAR JUEZA DEL JUZGADO FEDERAL DE PRIMERA INSTANCIA DE EJECUCIONES FISCALES TRIBUTARIAS N° 3 DE LA CAPITAL FEDERAL, A LA DRA. MARIA LAURA AMERI.", 5 09/04/2026 -, 31/03/2026 -, 78 2026 AP -,AP  04/06/2026            , - ,,16/06/2026
PE,68,2026,AC,"MENSAJE N° 78/26 QUE SOLICITA ACUERDO PARA DESIGNAR JUEZ DEL JUZGADO FEDERAL DE PRIMERA INSTANCIA DE LA SEGURIDAD SOCIAL N° 10 DE LA CAPITAL FEDERAL, AL DR. DIEGO ALLIEVI.", 5 09/04/2026 -, 31/03/2026 -, 77 2026 AP -,AP  04/06/2026            , - ,,16/06/2026
PE,67,2026,AC,"MENSAJE N° 77/26 QUE SOLICITA ACUERDO PARA DESIGNAR JUEZ DEL JUZGADO NACIONAL DE PRIMERA INSTANCIA EN LO CIVIL N° 25 DE LA CAPITAL FEDERAL, AL DR. SANTOS ENRIQUE CIFUENTES.


", 5 09/04/2026 -, 31/03/2026 -, 76 2026 AP -,AP  04/06/2026            , - ,,16/06/2026
PE,66,2026,AC,"MENSAJE N° 76/26 QUE SOLICITA ACUERDO PARA DESIGNAR JUEZ DEL JUZGADO FEDERAL DE GARANTIAS N° 2 DE SANTA FE, PROVINCIA DE SANTA FE, AL DR. WALTER ALBERTO RODRIGUEZ.

", 5 09/04/2026 -, 31/03/2026 -, 91 2026 AP -,AP  04/06/2026            , - ,,16/06/2026
PE,65,2026,AC,MENSAJE N° 75/26 QUE SOLICITA ACUERDO PARA DESIGNAR JUEZ DEL JUZGADO NACIONAL EN LO CRIMINAL Y CORRECCIONAL Nª 47 DE LA CAPITAL FEDERAL AL DR. PABLO FEDERICO MOYA., 5 09/04/2026 -, 31/03/2026 -, 75 2026 AP -,AP  04/06/2026            , - ,,16/06/2026
PE,64,2026,AC,"MENSAJE N° 74/26 QUE SOLICITA ACUERDO PARA DESIGNAR JUEZA DEL JUZGADO FEDERAL DE PRIMERA INSTANCIA DE HURLINGHAM, PROV. DE BUENOS AIRES A LA DRA. MARIA CRISTINA JUAN.

", 5 09/04/2026 -, 31/03/2026 -, 74 2026 AP -,AP  04/06/2026            , - ,,16/06/2026
PE,63,2026,AC,"MENSAJE N° 73/26 QUE SOLICITA ACUERDO PARA DESIGNAR VOCAL DE LA CAMARA NACIONAL DE APELACIONES EN LO COMERCIAL DE LA CAPITAL FEDERAL, SALA B, AL DR. JORGE DJIVARIS.", 5 09/04/2026 -, 31/03/2026 -, 73 2026 AP -,AP  04/06/2026            , - ,,16/06/2026
PE,62,2026,AC,"MENSAJE N° 72/26 QUE SOLICITA ACUERDO PARA DESIGNAR VOCAL DE LA CAMARA FEDERAL DE APELACIONES DE LA PLATA, PROV. DE BUENOS AIRES, SALA I, AL DR. LAUREANO ALBERTO DURAN.", 5 09/04/2026 -, 31/03/2026 -, 72 2026 AP -,AP  04/06/2026            , - ,,16/06/2026
PE,61,2026,AC,"MENSAJE N° 71/26 QUE SOLICITA ACUERDO PARA DESIGNAR JUEZ DE CAMARA DEL TRIBUNAL ORAL EN LO PENAL ECONOMICO N° 2 DE LA CAPITAL FEDERAL, AL DR. FEDERICO NOVELLO.", 5 09/04/2026 -, 31/03/2026 -, 71 2026 AP -,AP  04/06/2026            , - ,,16/06/2026
PE,60,2026,AC,"MENSAJE N° 70/26 QUE SOLICITA ACUERDO PARA DESIGNAR JUEZ DE CAMARA DEL TRIBUNAL ORAL EN LO CRIMINAL FEDERAL N° 5 DE SAN MARTIN, PROVINCIA DE BUENOS AIRES, AL DR. JAVIER MATIAS ARZUBI CALVO.

", 5 09/04/2026 -, 31/03/2026 -, 70 2026 AP -,AP  04/06/2026            , - ,,16/06/2026
PE,59,2026,AC,"MENSAJE N° 69/26 QUE SOLICITA ACUERDO PARA DESIGNAR FISCAL ANTE LOS JUZGADOS NACIONALES EN LO PENAL ECONOMICO, FISCALIA N° 1, AL DR. JUAN ANDRES MOLDES.

", 4 09/04/2026 -, 30/03/2026 -, 69 2026 AP -,AP  04/06/2026            , - ,,16/06/2026
PE,58,2026,AC,"MENSAJE N° 68/26 QUE SOLICITA ACUERDO PARA DESIGNAR JUEZ DEL TRIBUNAL FEDERAL DE JUICIO DE SANTA FE, PROVINCIA DE SANTA FE, AL DR. EMILIO ROSATTI.", 4 09/04/2026 -, 30/03/2026 -, 90 2026 AP -,AP  04/06/2026            , - ,,16/06/2026
PE,57,2026,AC,"MENSAJE N° 67/26 QUE SOLICITA ACUERDO PARA DESIGNAR JUEZA DEL JUZGADO NACIONAL DE PRIMERA INSTANCIA EN LO CIVIL Nº 62 DE LA CAPITAL FEDERAL, A LA DRA. LAURA WISZNIACKI.
", 4 09/04/2026 -, 30/03/2026 -, 68 2026 AP -,AP  04/06/2026            , - ,,16/06/2026
PE,56,2026,AC,MENSAJE N° 66/26 QUE SOLICITA ACUERDO PARA DESIGNAR JUEZ DE CAMARA DEL TRIBUNAL ORAL EN LO CRIMINAL Y CORRECCIONAL Nº 7 DE LA CAPITAL FEDERAL AL DR. NICOLAS RAMON CEBALLOS., 4 09/04/2026 -, 30/03/2026 -, 67 2026 AP -,AP  04/06/2026            , - ,,16/06/2026
PE,55,2026,AC,"MENSAJE Nº 65/26 QUE SOLICITA ACUERDO PARA DESIGNAR JUEZA DEL JUZGADO NACIONAL EN LO CRIMINAL Y CORRECCIONAL N° 23 DE LA CAPITAL FEDERAL, A LA DRA. LAURA FABIANA KVITKO.", 4 09/04/2026 -, 30/03/2026 -, 56 2026 AP -,AP  04/06/2026            , - ,,16/06/2026
PE,54,2026,AC,"MENSAJE N° 31/26 QUE SOLICITA ACUERDO PARA DESIGNAR JUEZ DE CÁMARA DEL TRIBUNAL ORAL EN LO CRIMINAL FEDERAL N° 3 DE SAN MARTÍN, PROVINCIA DE BUENOS AIRES, AL DR. PABLO JAVIER FLORES.
", 4 09/04/2026 -, 30/03/2026 -, 66 2026 AP -,AP  04/06/2026            , - ,,16/06/2026
PE,53,2026,AC,"MENSAJE N° 64/26 QUE SOLICITA ACUERDO PARA DESIGNAR VOCAL DE LA CAMARA FEDERAL DE LA SEGURIDAD SOCIAL, SALA III, AL DR. FERNANDO STRASSER.", 4 09/04/2026 -, 30/03/2026 -, 65 2026 AP -,AP  04/06/2026            , - ,,16/06/2026
PE,52,2026,AC,"MENSAJE N° 63/26 QUE SOLICITA ACUERDO PARA DESIGNAR VOCAL DE LA CAMARA FEDERAL DE LA SEGURIDAD SOCIAL, SALA II, AL DR. WALTER FABIAN CARNOTA.", 4 09/04/2026 -, 30/03/2026 -, 64 2026 AP -,AP  04/06/2026            , - ,,16/06/2026
PE,51,2026,AC,"MENSAJE N° 62/26 QUE SOLICITA ACUERDO PARA DESIGNAR VOCAL DE LA CAMARA NACIONAL DE APELACIONES EN LO CIVIL DE LA CAPITAL FEDERAL, SALA K, A LA DRA. LUCILA INES CORDOBA.", 4 09/04/2026 -, 30/03/2026 -, 55 2026 AP -,AP  04/06/2026            , - ,,16/06/2026
PE,50,2026,AC,"MENSAJE N° 61/26 QUE SOLICITA ACUERDO PARA DESIGNAR VOCAL DE LA CAMARA NACIONAL DE APELACIONES EN LO CIVIL DE LA CAPITAL FEDERAL, SALA F, A LA DRA. PAULA ANDREA CASTRO.", 4 09/04/2026 -, 30/03/2026 -, 54 2026 AP -,AP  04/06/2026            , - ,,16/06/2026
PE,49,2026,AC,"MENSAJE N° 60/26 QUE SOLICITA ACUERDO PARA DESIGNAR VOCAL DE LA CAMARA NACIONAL DE APELACIONES EN LO CIVIL DE LA CAPITAL FEDERAL, SALA E, A LA DRA. SAMANTA CLAUDIA BISCARDI.", 4 09/04/2026 -, 30/03/2026 -, 53 2026 AP -,AP  04/06/2026            , - ,,16/06/2026
PE,48,2026,AC,"MENSAJE N° 59/26 QUE SOLICITA ACUERDO PARA DESIGNAR VOCAL DE LA CAMARA NACIONAL DE APELACIONES EN LO CIVIL DE LA CAPITAL FEDERAL, SALA E, A LA DRA. ANALIA VICTORIA ROMERO.", 4 09/04/2026 -, 30/03/2026 -, 52 2026 AP -,AP  04/06/2026            , - ,,16/06/2026
PE,47,2026,AC,"MENSAJE N° 58/26 QUE SOLICITA ACUERDO PARA DESIGNAR VOCAL DE LA CAMARA NACIONAL DE APELACIONES EN LO CIVIL DE LA CAPITAL FEDERAL, SALA F,  AL DR. OSVALDO FELIPE PITRAU.", 4 09/04/2026 -, 30/03/2026 -, 51 2026 AP -,AP  04/06/2026            , - ,,16/06/2026
PE,46,2026,AC,"MENSAJE N° 57/26 QUE SOLICITA ACUERDO PARA DESIGNAR VOCAL DE LA CAMARA NACIONAL DE APELACIONES EN LO CRIMINAL Y CORRECCIONAL DE LA CAPITAL FEDERAL, VOCALIA N° 20,  AL DR. SANTIAGO QUIAN ZAVALIA.", 4 09/04/2026 -, 30/03/2026 -, 50 2026 AP -,AP  04/06/2026            , - ,,16/06/2026
PE,45,2026,AC,"MENSAJE N° 56/26 QUE SOLICITA ACUERDO PARA DESIGNAR JUEZ DEL TRIBUNAL FEDERAL DE JUICIO DE FORMOSA, PROVINCIA DE FORMOSA, AL DR. GERARDO DANIEL CACACE.", 4 09/04/2026 -, 30/03/2026 -, 89 2026 AP -,AP  04/06/2026            , - ,,16/06/2026
PE,44,2026,AC,"MENSAJE N° 55/26 QUE SOLICITA ACUERDO PARA DESIGNAR JUEZ DEL JUZGADO NACIONAL DE PRIMERA INSTANCIA EN LO CIVIL N° 64 DE LA CAPITAL FEDERAL, AL DR. GERMAN AUGUSTO DEGANO.", 4 09/04/2026 -, 30/03/2026 -, 49 2026 AP -,AP  04/06/2026            , - ,,16/06/2026
PE,43,2026,AC,"MENSAJE N° 54/26 QUE SOLICITA ACUERDO PARA DESIGNAR JUEZ DEL JUZGADO NACIONAL DE PRIMERA INSTANCIA EN LO CIVIL N° 80 DE LA CAPITAL FEDERAL, AL DR. EZEQUIEL JAVIER SOBRINO REIG.", 4 09/04/2026 -, 30/03/2026 -, 48 2026 AP -,AP  04/06/2026            , - ,,16/06/2026
PE,42,2026,AC,"MENSAJE N° 53/26 QUE SOLICITA ACUERDO PARA DESIGNAR JUEZ DE CAMARA DEL TRIBUNAL ORAL EN LO CRIMINAL Y CORRECCIONAL N° 3 DE LA CAPITAL FEDERAL, AL DR. HUGO FABIAN DECARIA.", 4 09/04/2026 -, 30/03/2026 -, 47 2026 AP -,AP  04/06/2026            , - ,,16/06/2026
PE,41,2026,AC,"MENSAJE N° 52/26 QUE SOLICITA ACUERDO PARA DESIGNAR DEFENSOR PUBLICO CURADOR DE LA DEFENSORIA GENERAL DE LA NACION, DEFENSORIA PUBLICA CURADURIA N° 4, AL DR. FELIPE ALBERTO ALLIAUD.", 4 09/04/2026 -, 30/03/2026 -, 46 2026 AP -,AP  04/06/2026            , - ,,16/06/2026
PE,40,2026,AC,"MENSAJE N° 51/26 QUE SOLICITA ACUERDO PARA DESIGNAR DEFENSOR PUBLICO DE MENORES E INCAPACES ANTE LOS JUZGADOS NACIONALES DE PRIMERA INSTANCIA EN LO CIVIL, COMERCIAL Y DEL TRABAJO DE LA CAPITAL FEDERAL, DEFENSORIA N° 2, AL DR. LUCAS MARCELO BELLOTTI SAN MARTIN.", 4 09/04/2026 -, 30/03/2026 -, 45 2026 AP -,AP  04/06/2026            , - ,,16/06/2026
PE,39,2026,AC,"MENSAJE N° 50/26 QUE SOLICITA ACUERDO PARA DESIGNAR DEFENSORA PUBLICA DE MENORES E INCAPACES ANTE LOS JUZGADOS NACIONALES DE PRIMERA INSTANCIA EN LO CIVIL, COMERCIAL Y DEL TRABAJO DE LA CAPITAL FEDERAL, DEFENSORIA N° 3, A LA DRA. MARCELA LORENA SASSO.", 4 09/04/2026 -, 30/03/2026 -, 44 2026 AP -,AP  04/06/2026            , - ,,16/06/2026
PE,38,2026,AC,"MENSAJE N° 49/26 QUE SOLICITA ACUERDO PARA DESIGNAR DEFENSORA PUBLICA DE MENORES E INCAPACES ANTE LOS JUZGADOS NACIONALES DE PRIMERA INSTANCIA EN LO CIVIL, COMERCIAL Y DEL TRABAJO DE LA CAPITAL FEDERAL, DEFENSORIA N° 7, A LA DRA. VERONICA MABEL POLVERINI.", 4 09/04/2026 -, 30/03/2026 -, 43 2026 AP -,AP  04/06/2026            , - ,,16/06/2026
PE,37,2026,AC,"MENSAJE N° 48/26 QUE SOLICITA ACUERDO PARA DESIGNAR VOCAL DE LA CAMARA NACIONAL DE APELACIONES EN LO PENAL ECONOMICO, SALA A, AL DR. JUAN PEDRO GALVAN GREENWAY.", 4 09/04/2026 -, 30/03/2026 -,,              , - ,,
PE,36,2026,AC,"MENSAJE N° 47/26 QUE SOLICITA ACUERDO PARA DESIGNAR JUEZ DE CAMARA DEL TRIBUNAL ORAL EN LO CRIMINAL FEDERAL N° 2 DE LA PLATA, PROVINCIA DE BUENOS AIRES, AL DR. PABLO EZEQUIEL WILK.", 4 09/04/2026 -, 30/03/2026 -, 63 2026 AP -,AP  04/06/2026            , - ,,16/06/2026
PE,35,2026,AC,"MENSAJE N° 46/26 QUE SOLICITA ACUERDO PARA DESIGNAR VOCAL DE LA CAMARA NACIONAL DE APELACIONES EN LO PENAL ECONOMICO, SALA B,  AL DR. ALEJANDRO JAVIER CATANIA.", 4 09/04/2026 -, 30/03/2026 -,,              , - ,,
PE,34,2026,AC,"MENSAJE N° 45/26 QUE SOLICITA ACUERDO PARA DESIGNAR CONJUECES DE LOS JUZGADOS NACIONALES DE PRIMERA INSTANCIA EN LO CIVIL CON COMPETENCIA EXCLUSIVA EN ASUNTOS DE FAMILIA Y CAPACIDAD DE LAS PERSONAS DE LA JURISDICCION DE LA CAMARA NACIONAL DE APELACIONES EN LO CIVIL DE LA CAPITAL FEDERAL.
", 4 09/04/2026 -, 30/03/2026 -, 88 2026 AP -,AP  04/06/2026            , - ,,
PE,33,2026,AC,"MENSAJE N° 44/26 QUE SOLICITA ACUERDO PARA DESIGNAR JUEZA DE CAMARA DEL TRIBUNAL ORAL EN LO CRIMINAL FEDERAL N° 3 DE LA PLATA, PROVINCIA DE BUENOS AIRES, A LA DRA. MARIA JULIA SOSA.", 4 09/04/2026 -, 30/03/2026 -, 42 2026 AP -,AP  04/06/2026            , - ,,16/06/2026
PE,32,2026,AC,"MENSAJE N° 43/26 QUE SOLICITA ACUERDO PARA DESIGNAR JUEZ DEL JUZGADO NACIONAL DE PRIMERA INSTANCIA EN LO CIVIL N° 95 DE LA CAPITAL FEDERAL, AL DR. JUAN MARTIN BALCAZAR.", 4 09/04/2026 -, 30/03/2026 -, 41 2026 AP -,AP  04/06/2026            , - ,,16/06/2026
PE,31,2026,AC,"MENSAJE N° 42/26 QUE SOLICITA ACUERDO PARA DESIGNAR JUEZA DE CAMARA DEL TRIBUNAL ORAL EN LO CRIMINAL FEDERAL N° 3 DE LA PLATA, PROVINCIA DE BUENOS AIRES, A LA DRA. MARIA VERONICA MICHELLI.", 4 09/04/2026 -, 30/03/2026 -, 112 2026 AP -,AP  04/06/2026            , - ,,16/06/2026
PE,30,2026,AC,"MENSAJE N° 41/26 QUE SOLICITA ACUERDO PARA DESIGNAR JUEZ DE CAMARA DEL TRIBUNAL ORAL EN LO CRIMINAL FEDERAL N° 3 DE LA PLATA, PROVINCIA DE BUENOS AIRES, AL DR. CARLOS FABIAN CUESTA.", 4 09/04/2026 -, 30/03/2026 -, 62 2026 AP -,AP  04/06/2026            , - ,,16/06/2026
PE,29,2026,AC,"MENSAJE N° 40/26 QUE SOLICITA ACUERDO PARA DESIGNAR JUEZA DEL JUZGADO NACIONAL EN LO CRIMINAL Y CORRECCIONAL N° 18 DE LA CAPITAL FEDERAL, A LA DRA. SOLEDAD EUGENIA MARIÑO.", 4 09/04/2026 -, 30/03/2026 -, 40 2026 AP -,AP  04/06/2026            , - ,,16/06/2026
PE,28,2026,AC,"MENSAJE N° 39/26 QUE SOLICITA ACUERDO PARA DESIGNAR JUEZA DEL JUZGADO NACIONAL EN LO CRIMINAL Y CORRECCIONAL N° 14 DE LA CAPITAL FEDERAL, A LA DRA. PAULA FUERTES.", 4 09/04/2026 -, 30/03/2026 -, 39 2026 AP -,AP  04/06/2026            , - ,,16/06/2026
PE,27,2026,AC,"MENSAJE N° 38/26 QUE SOLICITA ACUERDO PARA DESIGNAR JUEZ DE CAMARA DEL TRIBUNAL ORAL EN LO CRIMINAL FEDERAL N° 1 DE LA PLATA, PROVINCIA DE BUENOS AIRES, AL DR. CLAUDIO RICARDO SILVESTRI.

", 4 09/04/2026 -, 30/03/2026 -, 61 2026 AP -,AP  04/06/2026            , - ,,16/06/2026
PE,26,2026,AC,"MENSAJE N° 37/26 QUE SOLICITA ACUERDO PARA DESIGNAR DEFENSORA PUBLICA OFICIAL ANTE LOS JUZGADOS Y ANTE LA CAMARA NACIONAL DE APELACIONES EN LO PENAL ECONOMICO, DEFENSORIA N° 1, A LA DRA. MARIA INES RESTON.", 4 09/04/2026 -, 30/03/2026 -, 38 2026 AP -,AP  04/06/2026            , - ,,16/06/2026
PE,25,2026,AC,"MENSAJE N° 36/26 QUE SOLICITA ACUERDO PARA DESIGNAR JUEZA DEL JUZGADO NACIONAL EN LO CRIMINAL Y CORRECCIONAL N° 17 DE LA CAPITAL FEDERAL, A LA DRA. MARIA GLORIA CAPANEGRA.", 4 09/04/2026 -, 30/03/2026 -, 37 2026 AP -,AP  04/06/2026            , - ,,16/06/2026
PE,24,2026,AC,"MENSAJE N° 35/26 QUE SOLICITA ACUERDO PARA DESIGNAR VOCAL DE LA CAMARA FEDERAL DE APELACIONES DE LA PLATA, PROVINCIA DE BUENOS AIRES, SALA III, AL DR. EMILIO SANTIAGO FAGGI.
", 4 09/04/2026 -, 30/03/2026 -, 60 2026 AP -,AP  04/06/2026            , - ,,16/06/2026
PE,23,2026,AC,"MENSAJE N° 34/26 QUE SOLICITA ACUERDO PARA DESIGNAR JUEZ DEL JUZGADO NACIONAL EN LO CRIMINAL Y CORRECCIONAL N° 59 DE LA CAPITAL FEDERAL, AL DR. SANTIAGO JOSE JAIMES MUNILLA.", 4 09/04/2026 -, 30/03/2026 -, 36 2026 AP -,AP  04/06/2026            , - ,,16/06/2026
PE,22,2026,AC,"MENSAJE N° 33/26 QUE SOLICITA ACUERDO PARA DESIGNAR JUEZA DE CAMARA DEL TRIBUNAL ORAL EN LO CRIMINAL Y CORRECCIONAL N° 20 DE LA CAPITAL FEDERAL, A LA DRA. IVANA SANDRA QUINTEROS.", 4 09/04/2026 -, 30/03/2026 -, 35 2026 AP -,AP  04/06/2026            , - ,,16/06/2026
PE,21,2026,AC,"MENSAJE N° 32/26 QUE SOLICITA ACUERDO PARA DESIGNAR VOCAL DE LA CAMARA NACIONAL DE CASACION EN LO CRIMINAL Y CORRECCIONAL DE LA CAPITAL FEDERAL, VOCALIA N° 10, AL DR. NICOLAS GRAPPASONNO.", 4 09/04/2026 -, 30/03/2026 -, 34 2026 AP -,AP  04/06/2026            , - ,,16/06/2026
PE,20,2026,AC,"MENSAJE N° 30/26 QUE SOLICITA ACUERDO PARA DESIGNAR JUEZ DEL JUZGADO NACIONAL DE PRIMERA INSTANCIA EN LO CIVIL N° 44 DE LA CAPITAL FEDERAL, AL DR. JULIAN HERRERA.", 4 09/04/2026 -, 30/03/2026 -, 33 2026 AP -,AP  04/06/2026            , - ,,16/06/2026
PE,19,2026,AC,MENSAJE N° 29/26 QUE SOLICITA ACUERDO PARA DESIGNAR JUEZ DEL JUZGADO NACIONAL DE MENORES N° 2 DE LA CAPITAL FEDERAL AL DR. IGNACIO LABADENS., 4 09/04/2026 -, 30/03/2026 -, 32 2026 AP -,AP  04/06/2026            , - ,,16/06/2026
PE,18,2026,AC,"MENSAJE N° 28/26 QUE SOLICITA ACUERDO PARA DESIGNAR JUEZ DEL JUZGADO NACIONAL DE PRIMERA INSTANCIA EN LO CIVIL N° 5 DE LA CAPITAL FEDERAL, AL DR. JAVIER ALBERTO SANTISO.", 4 09/04/2026 -, 30/03/2026 -, 31 2026 AP -,AP  04/06/2026            , - ,,16/06/2026
PE,17,2026,AC,"MENSAJE N° 27/26 QUE SOLICITA ACUERDO PARA DESIGNAR JUEZ DEL JUZGADO NACIONAL EN LO CRIMINAL Y CORRECCIONAL N° 13 DE LA CAPITAL FEDERAL, AL DR. SANTIAGO ALBERTO PONCIO.", 4 09/04/2026 -, 30/03/2026 -, 30 2026 AP -,AP  04/06/2026            , - ,,16/06/2026
PE,16,2026,AC,"MENSAJE N° 26/26 QUE SOLICITA ACUERDO PARA DESIGNAR JUEZ DE CAMARA DEL TRIBUNAL ORAL EN LO CRIMINAL Y CORRECCIONAL N° 1 DE LA CAPITAL FEDERAL, AL DR. NICOLAS ANTONIO PACILIO.", 4 09/04/2026 -, 30/03/2026 -, 59 2026 AP -,AP  04/06/2026            , - ,,16/06/2026
PE,15,2026,AC,"MENSAJE N° 25/26 QUE SOLICITA ACUERDO PARA DESIGNAR JUEZ DE CAMARA DEL TRIBUNAL ORAL DE MENORES N° 3 DE LA CAPITAL FEDERAL, AL DR. RICARDO SANTIAGO LOMBARDO.", 4 09/04/2026 -, 30/03/2026 -, 29 2026 AP -,AP  04/06/2026            , - ,,16/06/2026
PE,10,2026,AC,"MENSAJE N° 20/26 QUE SOLICITA ACUERDO PARA DESIGNAR DIRECTOR DEL BANCO CENTRAL DE LA REPÚBLICA ARGENTINA, AL LICENCIADO EN ECONOMÍA MARTÍN VAUTHIER.", 3 09/04/2026 -, 25/03/2026 -,,              , - ,,
PE,9,2026,AC,"MENSAJE N° 19/26 QUE SOLICITA ACUERDO PARA NOMBRAR EMBAJADOR EXTRAORDINARIO Y PLENIPOTENCIARIO A LA SEÑORA CARMEN LUCILA CREXELL.


", 2 18/03/2026 -, 13/03/2026 -, 15 2026 AP -,AP  09/04/2026            , - ,,17/04/2026
PE,7,2026,AC,"MENSAJE N° 18/26 QUE SOLICITA ACUERDO PARA PROMOVER AL GRADO INMEDIATO SUPERIOR AL 31 DE DICIEMBRE DE 2025, A PERSONAL MILITAR SUPERIOR DE LA ARMADA ARGENTINA.", 1 18/03/2026 -, 04/03/2026 -, 14 2026 AP -,AP  09/04/2026            , - ,,17/04/2026
PE,6,2026,AC,"MENSAJE N° 17/26 QUE SOLICITA ACUERDO PARA PROMOVER AL GRADO INMEDIATO SUPERIOR AL 31 DE DICIEMBRE DE 2025, A PERSONAL MILITAR SUPERIOR DEL EJERCITO ARGENTINO.", 1 18/03/2026 -, 04/03/2026 -, 13 2026 AP -,AP  09/04/2026            , - ,,17/04/2026
PE,5,2026,AC,"MENSAJE N° 16/26 QUE SOLICITA ACUERDO PARA PROMOVER AL GRADO INMEDIATO SUPERIOR, A PERSONAL MILITAR SUPERIOR DE LA FUERZA AEREA ARGENTINA.

", 1 18/03/2026 -, 04/03/2026 -, 12 2026 AP -,AP  09/04/2026            , - ,,17/04/2026
PE,4,2026,AC,"MENSAJE N° 15/26 QUE SOLICITA ACUERDO PARA PROMOVER AL GRADO INMEDIATO SUPERIOR, CON FECHA 15 DE DICIEMBRE DE 2025, AL GENERAL DE DIVISION OSCAR SANTIAGO ZARICH.", 1 18/03/2026 -, 04/03/2026 -, 11 2026 AP -,AP  09/04/2026            , - ,,17/04/2026
PE,3,2026,AC,"MENSAJE N° 14/26 QUE SOLICITA ACUERDO PARA PROMOVER AL GRADO INMEDIATO SUPERIOR, CON FECHA 15 DE DICIEMBRE DE 2025, AL VICEALMIRANTE JUAN CARLOS ROMAY.", 1 18/03/2026 -, 04/03/2026 -, 10 2026 AP -,AP  09/04/2026            , - ,,17/04/2026
PE,2,2026,AC,"MENSAJE N° 13/26 QUE SOLICITA ACUERDO PARA PROMOVER AL GRADO INMEDIATO SUPERIOR, CON FECHA 15 DE DICIEMBRE DE 2025, AL VICEALMIRANTE MARCELO ALEJANDRO DALLE NOGARE.", 1 18/03/2026 -, 04/03/2026 -, 9 2026 AP -,AP  09/04/2026            , - ,,17/04/2026